inventor_id,name,country
INV1113,John Davis,Japan
INV8552,Alice Davis,France
INV9716,James Johnson,Canada
INV8543,Jessica Williams,USA
INV5543,Alice Rodriguez,South Korea
INV6004,Jessica Rodriguez,Germany
INV1493,John Williams,USA
INV6505,Sarah Brown,Unknown
INV9862,Jessica Smith,UK
INV3558,Michael Rodriguez,Canada
INV4285,Jessica Johnson,China
INV5591,Jessica Martinez,Japan
INV8336,Michael Jones,Germany
INV7414,Emma Williams,Germany
INV9245,David Martinez,USA
INV9056,David Garcia,UK
INV4218,Michael Garcia,Germany
INV5359,Alice Garcia,UK
INV3907,Michael Martinez,Japan
INV1242,Michael Brown,Germany
INV8603,James Smith,USA
INV7903,Emma Smith,Japan
INV9867,Lily Miller,Japan
INV4633,Alice Smith,UK
INV6861,Jessica Johnson,Canada
INV9006,Emma Rodriguez,UK
INV5095,Alice Brown,France
INV8076,John Brown,Japan
INV2852,Emma Jones,France
INV3662,Alice Jones,China
INV9958,David Martinez,South Korea
INV3587,Alice Davis,Germany
INV1236,Lily Rodriguez,Japan
INV1378,John Miller,Canada
INV9599,Lily Garcia,France
INV2084,Robert Smith,Canada
INV9942,David Johnson,Japan
INV1375,Michael Miller,China
INV6554,Michael Williams,Canada
INV2554,John Martinez,China
INV3005,Jessica Miller,USA
INV8260,John Smith,Japan
INV3617,Michael Davis,UK
INV9702,Jessica Johnson,Germany
INV8016,James Miller,China
INV9614,Michael Rodriguez,USA
INV8687,Emma Jones,UK
INV7445,Robert Brown,Canada
INV9055,John Johnson,Germany
INV5767,Jessica Johnson,China
INV7149,Emma Smith,USA
INV3471,Alice Garcia,China
INV3101,Jessica Johnson,UK
INV7116,David Rodriguez,USA
INV7703,Alice Brown,Japan
INV3648,Emma Williams,Germany
INV5181,James Martinez,UK
INV2982,Jessica Williams,South Korea
INV7459,Jessica Smith,Japan
INV1854,Alice Martinez,China
INV4922,Lily Jones,USA
INV2041,David Williams,France
INV4622,Lily Johnson,UK
INV4777,John Brown,South Korea
INV7912,Alice Miller,Japan
INV2980,Jessica Johnson,France
INV2735,Emma Johnson,UK
INV1288,John Jones,South Korea
INV8981,Jessica Miller,USA
INV3228,David Brown,UK
INV9844,Michael Garcia,China
INV6952,Lily Jones,China
INV8334,Sarah Garcia,China
INV5590,Emma Jones,Canada
INV3787,Lily Miller,China
INV1117,Jessica Miller,Canada
INV5219,James Williams,Canada
INV1982,Lily Williams,China
INV8793,James Johnson,Germany
INV2576,David Rodriguez,UK
INV2804,Emma Miller,UK
INV1185,James Brown,Japan
INV2244,Jessica Smith,South Korea
INV7611,John Garcia,Germany
INV1387,Lily Garcia,China
INV1890,Michael Brown,China
INV8397,Michael Davis,Germany
INV6776,Lily Garcia,Japan
INV4791,Emma Garcia,Germany
INV9850,Michael Davis,UK
INV2328,David Brown,Germany
INV4956,Sarah Williams,Germany
INV1107,John Miller,Canada
INV2780,Michael Miller,Germany
INV8454,Alice Jones,South Korea
INV7247,Sarah Martinez,Japan
INV6115,James Smith,UK
INV4352,Sarah Brown,Germany
INV3644,Robert Jones,France
INV9669,Alice Jones,Japan
INV9242,John Williams,USA
INV8820,Jessica Martinez,South Korea
INV8256,Sarah Davis,Germany
INV9438,Robert Johnson,Germany
INV2737,Alice Williams,South Korea
INV3738,Sarah Brown,USA
INV9763,Alice Jones,France
INV8359,Emma Rodriguez,South Korea
INV9420,Lily Rodriguez,Germany
INV6989,Alice Williams,Canada
INV6167,Jessica Smith,South Korea
INV5415,Alice Smith,South Korea
INV5842,Sarah Jones,Germany
INV3869,John Miller,Canada
INV6155,Alice Brown,Germany
INV5351,Jessica Garcia,Canada
INV4484,Lily Rodriguez,South Korea
INV6677,Sarah Garcia,China
INV4237,Robert Davis,China
INV5440,Robert Davis,South Korea
INV9270,Robert Johnson,UK
INV5519,Alice Williams,South Korea
INV6695,James Miller,China
INV1647,Lily Brown,South Korea
INV6483,Jessica Jones,Canada
INV1030,Sarah Johnson,Germany
INV4794,James Williams,France
INV9903,Alice Martinez,Germany
INV6590,Jessica Smith,Japan
INV8485,John Smith,Canada
INV1208,Alice Garcia,South Korea
INV3963,David Garcia,South Korea
INV8050,James Smith,UK
INV5129,Robert Johnson,UK
INV9851,David Jones,Japan
INV8075,Michael Davis,Canada
INV6773,Robert Davis,Japan
INV4636,David Garcia,USA
INV1922,Michael Miller,USA
INV8385,Alice Martinez,Germany
INV2830,James Johnson,Germany
INV1728,John Williams,Canada
INV6093,David Miller,Germany
INV1285,Jessica Rodriguez,South Korea
INV7758,Sarah Garcia,USA
INV6961,Emma Garcia,France
INV3088,Lily Martinez,UK
INV5566,Robert Smith,South Korea
INV8151,James Garcia,France
INV1588,John Rodriguez,France
INV7011,Michael Brown,USA
INV6700,Lily Jones,Canada
INV6003,John Williams,Canada
INV2683,Lily Rodriguez,USA
INV4071,Sarah Davis,France
INV7709,Jessica Smith,South Korea
INV1008,Sarah Garcia,Japan
INV6433,Emma Garcia,Japan
INV9761,Sarah Johnson,China
INV1669,Jessica Johnson,China
INV3062,Emma Miller,USA
INV2355,Sarah Jones,South Korea
INV9194,Lily Davis,Japan
INV7386,Emma Davis,Canada
INV8141,James Williams,Japan
INV8677,Robert Davis,Canada
INV2794,Lily Jones,Germany
INV6610,Lily Miller,South Korea
INV2556,Emma Martinez,Canada
INV8010,Jessica Rodriguez,South Korea
INV1716,John Martinez,Canada
INV9262,John Davis,France
INV7155,Emma Smith,China
INV1442,Michael Jones,South Korea
INV8121,Robert Rodriguez,France
INV3148,Emma Brown,China
INV9668,Robert Miller,UK
INV6308,Emma Martinez,France
INV3799,John Smith,Japan
INV7367,Jessica Martinez,Japan
INV7652,Alice Rodriguez,Japan
INV5422,Robert Smith,Japan
INV6697,David Rodriguez,Canada
INV5477,Robert Miller,Germany
INV1966,Lily Smith,Germany
INV1906,Lily Davis,France
INV8378,Sarah Miller,France
INV8985,John Brown,China
INV1784,James Smith,Germany
INV1596,David Smith,South Korea
INV7575,Sarah Smith,Germany
INV3153,Emma Martinez,UK
INV8401,Alice Brown,UK
INV2546,John Jones,South Korea
INV7215,Emma Jones,China
INV7471,Emma Miller,France
INV2822,Alice Martinez,Japan
INV8810,Robert Garcia,Canada
INV6922,Jessica Johnson,UK
INV7377,David Rodriguez,USA
INV9399,David Garcia,Germany
INV5276,Jessica Martinez,South Korea
INV5476,Michael Martinez,USA
INV7277,John Davis,USA
INV7251,James Garcia,France
INV6929,Michael Johnson,Canada
INV1727,Sarah Garcia,South Korea
INV4786,Emma Martinez,France
INV3634,Robert Rodriguez,South Korea
INV4611,Robert Garcia,France
INV9107,James Garcia,China
INV2520,John Garcia,USA
INV8272,John Rodriguez,France
INV6264,Robert Garcia,South Korea
INV5824,Robert Brown,Germany
INV1668,Michael Johnson,Unknown
INV3306,Jessica Davis,South Korea
INV1609,Michael Johnson,Japan
INV5469,John Miller,France
INV7678,James Miller,South Korea
INV9005,Alice Martinez,France
INV8592,John Miller,USA
INV9952,Robert Johnson,Unknown
INV3039,John Garcia,China
INV7558,David Garcia,USA
INV6130,Emma Brown,UK
INV3790,Lily Garcia,USA
INV8159,Jessica Williams,France
INV9911,Michael Davis,Japan
INV7968,Jessica Williams,USA
INV5166,Emma Williams,Japan
INV7353,Robert Rodriguez,Germany
INV7135,Michael Rodriguez,South Korea
INV2719,Emma Martinez,China
INV7344,Sarah Brown,South Korea
INV7253,James Garcia,UK
INV7206,Michael Rodriguez,USA
INV1130,Michael Brown,Canada
INV6632,James Williams,South Korea
INV5946,Alice Williams,USA
INV2352,Alice Martinez,France
INV2922,Robert Rodriguez,China
INV8470,Lily Rodriguez,Canada
INV6772,Lily Brown,Germany
INV3467,Michael Williams,UK
INV5725,Alice Smith,Unknown
INV8444,Emma Williams,China
INV9675,Jessica Miller,France
INV1172,Emma Johnson,China
INV4146,John Brown,Canada
INV9760,Emma Jones,USA
INV5104,Lily Miller,USA
INV5269,Sarah Johnson,Canada
INV7658,James Jones,France
INV9169,Sarah Rodriguez,USA
INV7223,John Garcia,South Korea
INV1066,David Brown,China
INV1908,James Williams,South Korea
INV8418,Michael Garcia,South Korea
INV4258,Emma Jones,Canada
INV3482,Jessica Brown,Canada
INV9314,Michael Brown,UK
INV6334,Robert Rodriguez,South Korea
INV9967,Sarah Davis,South Korea
INV3335,Sarah Williams,Canada
INV8209,Emma Williams,China
INV3421,Robert Martinez,China
INV6467,Robert Jones,France
INV3462,Jessica Smith,USA
INV4387,David Davis,Germany
INV4193,Emma Miller,Japan
INV3846,Robert Williams,UK
INV2191,Sarah Johnson,USA
INV3217,Emma Martinez,France
INV9672,Alice Smith,France
INV9406,James Davis,USA
INV1205,Robert Johnson,UK
INV3407,Michael Davis,Canada
INV9284,James Johnson,France
INV1631,Alice Garcia,USA
INV4264,John Miller,UK
INV2034,Lily Williams,UK
INV3620,Robert Martinez,France
INV2994,Lily Jones,Japan
INV7757,David Davis,Germany
INV9299,John Davis,France
INV7680,Alice Jones,France
INV2421,Jessica Miller,UK
INV3943,David Jones,UK
INV7465,Sarah Martinez,France
INV1183,Lily Williams,Canada
INV4367,Emma Jones,France
INV6151,Jessica Rodriguez,Japan
INV7061,Jessica Jones,France
INV9648,John Brown,USA
INV9372,Michael Smith,France
INV9188,Michael Miller,USA
INV5008,Robert Martinez,UK
INV7088,James Smith,South Korea
INV6189,Robert Garcia,China
INV5507,David Martinez,Germany
INV9656,Michael Smith,Germany
INV6473,John Martinez,USA
INV9860,Emma Miller,UK
INV9605,Sarah Miller,Canada
INV7464,Jessica Jones,USA
INV8859,Robert Martinez,Germany
INV7282,David Jones,China
INV5597,Michael Williams,China
INV9286,Lily Rodriguez,South Korea
INV5203,James Miller,China
INV8296,David Davis,USA
INV6132,Sarah Martinez,China
INV5101,Lily Martinez,France
INV8939,Robert Smith,Canada
INV8008,Jessica Rodriguez,UK
INV2047,Lily Brown,South Korea
INV5840,Robert Jones,UK
INV5503,John Jones,South Korea
INV8764,Michael Williams,Germany
INV5222,James Johnson,UK
INV1597,David Brown,Germany
INV2053,David Davis,USA
INV8073,James Brown,UK
INV9201,Emma Miller,China
INV3986,John Martinez,USA
INV3768,David Jones,Unknown
INV1511,Sarah Davis,France
INV7145,Robert Jones,Germany
INV1558,Emma Johnson,South Korea
INV3859,Sarah Williams,USA
INV3897,James Rodriguez,South Korea
INV7162,Sarah Davis,Germany
INV1549,David Miller,France
INV1932,Sarah Brown,France
INV4962,John Johnson,South Korea
INV9035,John Johnson,Germany
INV7820,David Smith,Japan
INV7894,John Brown,Japan
INV6371,John Johnson,UK
INV6721,Robert Martinez,Japan
INV5772,John Rodriguez,UK
INV2906,David Garcia,France
INV7674,Alice Brown,South Korea
INV5942,James Martinez,Japan
INV2404,David Miller,USA
INV8709,John Brown,South Korea
INV7755,Alice Williams,South Korea
INV6058,Emma Brown,USA
INV4150,Lily Brown,Canada
INV4532,Emma Smith,Unknown
INV8728,Lily Brown,China
INV5903,Michael Martinez,UK
INV8768,James Johnson,UK
INV5139,Robert Williams,China
INV1200,Michael Smith,UK
INV8685,Michael Johnson,Japan
INV7858,James Smith,Canada
INV1067,John Miller,Germany
INV2561,Michael Davis,Canada
INV3960,James Brown,Canada
INV2773,Sarah Jones,Canada
INV2482,James Davis,South Korea
INV6243,Michael Garcia,South Korea
INV2588,Jessica Davis,Germany
INV7394,David Brown,South Korea
INV1240,Emma Williams,Japan
INV2023,Lily Jones,South Korea
INV7060,Jessica Martinez,USA
INV1807,Robert Williams,South Korea
INV4408,James Jones,France
INV5837,James Miller,Japan
INV8391,David Davis,China
INV4756,John Martinez,UK
INV5645,James Miller,China
INV1543,James Garcia,USA
INV2055,Lily Williams,Germany
INV4434,John Davis,France
INV8876,Robert Martinez,South Korea
INV5802,James Brown,USA
INV2944,David Garcia,France
INV5168,Jessica Rodriguez,South Korea
INV6754,Lily Williams,Japan
INV6106,Robert Rodriguez,UK
INV9155,Alice Rodriguez,France
INV3070,Robert Jones,France
INV6723,James Smith,USA
INV3213,Sarah Williams,Japan
INV1100,James Davis,South Korea
INV7274,Emma Rodriguez,UK
INV2808,Lily Smith,Germany
INV7408,Emma Miller,South Korea
INV7515,Emma Johnson,Germany
INV6913,Alice Williams,South Korea
INV7423,James Davis,France
INV5549,Alice Miller,France
INV2787,David Jones,USA
INV8085,James Rodriguez,Japan
INV3605,Michael Smith,Japan
INV9759,Lily Garcia,UK
INV2280,Lily Rodriguez,UK
INV6120,John Rodriguez,Unknown
INV7995,Emma Jones,Canada
INV8513,John Davis,Japan
INV2726,James Brown,Germany
INV5186,Jessica Martinez,Germany
INV9434,Alice Miller,Unknown
INV7848,Robert Jones,Japan
INV2840,Robert Smith,UK
INV8494,Lily Garcia,France
INV6237,David Martinez,France
INV6178,Sarah Brown,Canada
INV9257,Michael Miller,Canada
INV6535,James Brown,UK
INV1112,John Garcia,UK
INV2067,Emma Brown,China
INV9677,Michael Davis,China
INV2728,David Garcia,South Korea
INV2477,John Rodriguez,France
INV4132,Emma Garcia,China
INV1461,Robert Davis,China
INV1145,Emma Johnson,Canada
INV9432,James Jones,China
INV3631,Michael Davis,China
INV4546,David Martinez,South Korea
INV1290,Jessica Martinez,Germany
INV6953,Sarah Rodriguez,France
INV8772,Sarah Williams,Canada
INV1700,John Smith,South Korea
INV3584,Michael Brown,Canada
INV7547,Jessica Brown,France
INV6277,James Garcia,China
INV8277,Sarah Rodriguez,USA
INV3699,Robert Garcia,France
INV5606,Alice Johnson,South Korea
INV4390,David Williams,China
INV5290,Jessica Garcia,France
INV7613,Emma Williams,Japan
INV9947,Jessica Davis,China
INV8523,Emma Miller,USA
INV6966,Alice Jones,Germany
INV1502,James Miller,UK
INV7521,Michael Rodriguez,Canada
INV8478,Robert Garcia,Canada
INV9456,James Brown,Canada
INV2778,James Martinez,USA
INV9814,John Davis,South Korea
INV6298,John Davis,UK
INV1736,James Brown,France
INV7340,Jessica Miller,South Korea
INV7559,Lily Smith,France
INV4075,David Davis,Japan
INV6943,Sarah Garcia,France
INV2260,Alice Smith,China
INV6839,John Jones,Germany
INV6035,Michael Williams,Canada
INV8631,James Brown,France
INV3735,David Williams,China
INV5753,Michael Rodriguez,USA
INV1204,Lily Brown,South Korea
INV2810,Jessica Martinez,China
INV2052,John Brown,UK
INV2915,Sarah Brown,USA
INV3671,Lily Brown,South Korea
INV2920,Sarah Jones,Canada
INV5994,Jessica Johnson,France
INV3048,James Martinez,Japan
INV7581,John Brown,Canada
INV3030,Robert Rodriguez,South Korea
INV3610,Sarah Brown,Japan
INV4604,Lily Williams,Japan
INV4477,Michael Rodriguez,Germany
INV4460,Alice Rodriguez,South Korea
INV9136,James Smith,South Korea
INV4136,Alice Williams,UK
INV7764,John Johnson,France
INV8616,Michael Johnson,UK
INV7391,Emma Rodriguez,USA
INV3171,Emma Rodriguez,France
INV2027,Sarah Miller,Canada
INV5474,Michael Williams,USA
INV7130,Alice Brown,UK
INV4804,Alice Rodriguez,China
INV8559,Michael Miller,USA
INV9857,Jessica Williams,USA
INV1083,David Miller,Japan
INV3168,Robert Rodriguez,Germany
INV7370,Sarah Jones,China
INV1515,Michael Williams,South Korea
INV2124,James Williams,South Korea
INV4337,Robert Rodriguez,Japan
INV9217,Jessica Rodriguez,France
INV5715,Lily Garcia,Canada
INV7443,Alice Garcia,Canada
INV1277,Emma Garcia,USA
INV1792,Sarah Brown,Germany
INV7692,Jessica Jones,France
INV8760,Michael Jones,China
INV7800,Michael Davis,Germany
INV3665,David Brown,South Korea
INV6445,Robert Brown,Canada
INV8664,James Jones,France
INV3560,Sarah Miller,Canada
INV2581,Jessica Garcia,USA
INV6933,Jessica Miller,Canada
INV3607,Emma Jones,France
INV1106,Alice Johnson,Canada
INV4492,David Martinez,South Korea
INV3239,James Miller,China
INV9427,John Martinez,UK
INV5249,David Jones,UK
INV5553,Robert Davis,France
INV3715,Alice Johnson,South Korea
INV2480,David Johnson,UK
INV4833,John Garcia,UK
INV4134,Michael Smith,Japan
INV1504,Lily Jones,Japan
INV7492,John Martinez,UK
INV4641,Robert Davis,Unknown
INV9232,Robert Jones,Japan
INV8638,Lily Davis,South Korea
INV9832,Alice Williams,Canada
INV3725,Lily Smith,China
INV9830,Emma Williams,South Korea
INV7670,Jessica Garcia,Germany
INV5732,Michael Williams,France
INV9210,Sarah Martinez,France
INV8573,Emma Miller,Japan
INV6556,Lily Johnson,Canada
INV5811,Sarah Jones,South Korea
INV1559,Jessica Williams,UK
INV5487,James Jones,Japan
INV3684,Robert Martinez,UK
INV6508,Sarah Jones,USA
INV8655,John Johnson,Canada
INV8126,James Davis,UK
INV1936,John Miller,Germany
INV1830,Robert Johnson,UK
INV3129,Sarah Brown,France
INV4671,Robert Johnson,Germany
INV4742,Jessica Davis,China
INV2654,James Williams,UK
INV5958,Robert Brown,USA
INV9467,Lily Smith,Canada
INV7852,Sarah Miller,France
INV4565,Michael Brown,Japan
INV9671,James Davis,UK
INV7009,Robert Miller,Canada
INV3108,David Rodriguez,Japan
INV6646,Robert Martinez,UK
INV6596,James Williams,Germany
INV4188,Emma Rodriguez,Canada
INV9385,Michael Brown,Germany
INV1059,Lily Martinez,China
INV7520,Sarah Miller,Canada
INV3756,James Martinez,Unknown
INV9337,David Brown,UK
INV2431,Michael Johnson,China
INV2061,Lily Garcia,UK
INV7170,Robert Jones,Canada
INV6231,Emma Davis,USA
INV5263,John Williams,Canada
INV3521,Emma Rodriguez,UK
INV7866,David Jones,Japan
INV1742,Jessica Rodriguez,China
INV3779,Alice Williams,USA
INV9712,David Jones,UK
INV4365,James Brown,Canada
INV9871,Sarah Rodriguez,Unknown
INV6295,John Rodriguez,France
INV9471,James Garcia,Germany
INV2163,Jessica Rodriguez,China
INV7854,James Davis,China
INV5868,Alice Martinez,China
INV7892,John Williams,UK
INV8508,Lily Johnson,China
INV7859,James Jones,Canada
INV7279,Emma Johnson,France
INV2911,Jessica Jones,Japan
INV4939,Emma Brown,China
INV2025,Michael Davis,France
INV7668,Sarah Garcia,UK
INV7349,Michael Johnson,UK
INV7216,David Rodriguez,South Korea
INV3026,Alice Miller,Japan
INV3032,Michael Miller,China
INV3840,Emma Williams,UK
INV8951,John Miller,France
INV5489,James Jones,UK
INV2441,Robert Miller,South Korea
INV3838,James Williams,China
INV9196,David Jones,China
INV7752,Michael Garcia,South Korea
INV5390,James Williams,USA
INV1788,David Johnson,UK
INV2817,Jessica Davis,South Korea
INV7221,David Davis,Canada
INV2116,Robert Davis,UK
INV6580,David Smith,Unknown
INV4630,Emma Miller,France
INV8850,Lily Davis,UK
INV9813,Michael Garcia,USA
INV9663,Michael Brown,Germany
INV6454,Emma Davis,USA
INV1625,Jessica Rodriguez,China
INV8400,Jessica Davis,Canada
INV4649,James Garcia,South Korea
INV7163,Sarah Garcia,USA
INV1186,John Davis,UK
INV5961,Alice Martinez,USA
INV5807,John Martinez,France
INV8245,David Davis,Germany
INV6889,Michael Garcia,China
INV1587,Robert Smith,USA
INV8180,Michael Garcia,China
INV4765,Sarah Davis,Germany
INV6376,James Jones,USA
INV1038,Lily Brown,Japan
INV3397,Robert Miller,Germany
INV8119,Sarah Garcia,France
INV2767,Michael Johnson,Germany
INV9644,Alice Miller,South Korea
INV8190,James Rodriguez,UK
INV4624,David Miller,France
INV4906,Alice Garcia,Canada
INV7356,John Johnson,Canada
INV3012,Lily Miller,China
INV9495,Emma Smith,South Korea
INV2943,Emma Smith,USA
INV4644,David Miller,Unknown
INV9900,Jessica Smith,Japan
INV4219,Lily Jones,Japan
INV7158,Michael Smith,Canada
INV3429,Alice Jones,Germany
INV7700,Emma Miller,USA
INV2157,Michael Williams,Japan
INV4990,Emma Jones,Japan
INV5711,Sarah Davis,China
INV5413,John Rodriguez,Germany
INV1376,Sarah Garcia,USA
INV1437,John Garcia,Japan
INV7462,John Martinez,Germany
INV3052,David Garcia,China
INV9969,Lily Davis,China
INV7708,John Miller,Canada
INV9391,Robert Jones,France
INV7191,Alice Smith,Germany
INV3890,David Davis,South Korea
INV6824,Alice Brown,UK
INV1153,Sarah Davis,China
INV7087,David Williams,China
INV4064,John Miller,South Korea
INV9710,Alice Martinez,Japan
INV7473,John Smith,UK
INV8647,John Smith,South Korea
INV7661,Jessica Johnson,UK
INV7018,Lily Jones,China
INV3389,Lily Martinez,Germany
INV2464,Jessica Smith,France
INV8048,Sarah Johnson,South Korea
INV8502,Michael Brown,Germany
INV8413,Sarah Smith,Germany
INV5786,Emma Garcia,UK
INV4524,Michael Garcia,France
INV1825,Sarah Brown,Canada
INV5238,Michael Martinez,Canada
INV2420,Michael Garcia,Canada
INV2222,David Davis,Canada
INV5013,Lily Williams,South Korea
INV9149,Jessica Johnson,South Korea
INV8928,Alice Brown,Canada
INV8542,Alice Smith,China
INV4242,Jessica Miller,Japan
INV5551,Sarah Miller,France
INV8503,Jessica Jones,USA
INV3104,Robert Garcia,USA
INV4166,Robert Martinez,UK
INV4876,Michael Garcia,Canada
INV1942,Jessica Miller,France
INV3936,John Jones,Germany
INV7825,James Brown,Germany
INV4191,Robert Brown,Japan
INV2128,James Miller,Germany
INV9349,Jessica Garcia,China
INV2811,Emma Martinez,Germany
INV6982,Lily Brown,Germany
INV2256,Emma Smith,UK
INV3502,Robert Garcia,China
INV5245,Lily Smith,USA
INV8906,Michael Brown,Unknown
INV2184,Emma Brown,France
INV8074,Sarah Jones,South Korea
INV6900,Sarah Johnson,Germany
INV5972,David Brown,USA
INV5892,Sarah Johnson,UK
INV3405,John Martinez,South Korea
INV6288,James Martinez,Japan
INV3120,Jessica Rodriguez,China
INV6960,Emma Rodriguez,Canada
INV5614,Jessica Miller,Canada
INV5664,Sarah Miller,UK
INV5977,David Miller,Japan
INV1252,Michael Jones,UK
INV8742,Michael Davis,South Korea
INV9594,Alice Jones,USA
INV4950,Lily Brown,Unknown
INV8708,Emma Johnson,Canada
INV7562,Alice Martinez,Unknown
INV5184,Michael Jones,Germany
INV3276,John Davis,France
INV5580,Jessica Rodriguez,USA
INV8691,Lily Martinez,USA
INV5325,Jessica Davis,Canada
INV7514,Robert Johnson,UK
INV1968,Emma Martinez,China
INV9864,Jessica Williams,South Korea
INV6147,David Johnson,Japan
INV6667,Michael Williams,China
INV8871,Michael Garcia,Germany
INV9791,John Williams,Japan
INV8845,Emma Smith,Canada
INV8011,James Williams,Japan
INV9978,Emma Smith,China
INV1628,Lily Rodriguez,China
INV9768,Emma Jones,South Korea
INV5726,James Brown,South Korea
INV8504,Robert Williams,UK
INV9932,Alice Garcia,South Korea
INV6582,Robert Jones,Unknown
INV1665,Lily Williams,South Korea
INV5675,Jessica Brown,UK
INV8625,John Jones,France
INV8197,Michael Garcia,Japan
INV4017,David Martinez,UK
INV2916,John Rodriguez,UK
INV9687,Lily Miller,Germany
INV6238,Alice Rodriguez,Canada
INV5136,Alice Miller,Canada
INV1750,Sarah Williams,France
INV1426,Michael Smith,UK
INV5520,Sarah Davis,China
INV4113,Michael Brown,USA
INV7178,Lily Johnson,Japan
INV8199,Sarah Johnson,China
INV5312,Lily Miller,South Korea
INV7234,Jessica Jones,UK
INV2188,John Davis,UK
INV3409,Michael Garcia,Canada
INV1096,Jessica Miller,UK
INV9046,John Miller,Japan
INV3460,David Martinez,China
INV8903,John Davis,UK
INV2522,Sarah Brown,UK
INV2009,James Garcia,South Korea
INV5120,Jessica Smith,South Korea
INV3076,Sarah Miller,Japan
INV2835,Emma Garcia,Japan
INV3004,Sarah Brown,USA
INV5564,John Davis,Canada
INV9859,Emma Miller,China
INV5091,Alice Jones,Canada
INV4234,Jessica Martinez,UK
INV9042,Jessica Martinez,USA
INV5085,James Garcia,Japan
INV8314,James Garcia,Germany
INV3155,James Davis,UK
INV6292,John Garcia,USA
INV1103,David Williams,South Korea
INV6709,Robert Martinez,UK
INV5818,David Williams,China
INV1433,Emma Rodriguez,Germany
INV7671,Michael Johnson,France
INV1627,John Rodriguez,South Korea
INV9036,Emma Miller,South Korea
INV7636,Jessica Smith,South Korea
INV4549,Emma Davis,USA
INV8169,Michael Miller,Germany
INV1898,James Martinez,USA
INV3509,Michael Johnson,Germany
INV8034,John Johnson,Germany
INV3093,Sarah Jones,UK
INV3322,James Johnson,China
INV6572,David Johnson,France
INV9988,Jessica Davis,Japan
INV8823,Emma Miller,USA
INV6998,Emma Miller,France
INV1443,Sarah Brown,France
INV5345,Lily Jones,Germany
INV2155,Lily Johnson,Canada
INV3257,Jessica Rodriguez,China
INV3741,Michael Garcia,China
INV9956,Alice Davis,China
INV3436,David Williams,Japan
INV5622,Sarah Martinez,China
INV4538,Sarah Williams,France
INV7592,Sarah Davis,Japan
INV1397,David Williams,France
INV7739,Alice Davis,France
INV6343,Sarah Garcia,Germany
INV7582,Emma Rodriguez,Germany
INV4359,James Garcia,South Korea
INV1815,Michael Miller,Japan
INV7291,Robert Miller,France
INV6164,Emma Johnson,South Korea
INV3728,Sarah Brown,South Korea
INV5784,Emma Garcia,France
INV8288,Alice Miller,UK
INV9442,Alice Johnson,South Korea
INV1566,John Davis,France
INV1408,Sarah Rodriguez,France
INV6300,David Smith,Japan
INV3274,Michael Rodriguez,France
INV2663,Alice Miller,UK
INV7620,David Jones,UK
INV5604,Robert Smith,Canada
INV1660,David Davis,Unknown
INV6550,James Davis,USA
INV8636,Emma Davis,USA
INV6825,Michael Garcia,South Korea
INV9230,John Johnson,Canada
INV1928,Jessica Williams,Canada
INV5023,David Smith,Germany
INV6213,John Jones,Germany
INV3263,David Rodriguez,USA
INV9318,Emma Garcia,France
INV5151,Robert Brown,Japan
INV9384,Jessica Martinez,Japan
INV4493,Emma Davis,USA
INV8932,Robert Williams,Canada
INV3812,Jessica Jones,Japan
INV2912,Jessica Miller,France
INV3785,David Miller,France
INV3383,Robert Garcia,Germany
INV9370,Sarah Martinez,Canada
INV9494,Emma Garcia,Japan
INV5248,Lily Martinez,Canada
INV6611,James Smith,China
INV8496,Emma Brown,South Korea
INV8805,Michael Rodriguez,UK
INV7495,John Miller,USA
INV4999,Robert Rodriguez,Canada
INV1843,David Brown,Unknown
INV5943,Michael Garcia,Canada
INV7431,Sarah Miller,Germany
INV2454,Jessica Brown,UK
INV2403,Jessica Davis,Canada
INV6446,John Miller,Canada
INV8117,Jessica Davis,China
INV8796,Alice Johnson,USA
INV4548,Lily Brown,China
INV1650,David Rodriguez,South Korea
INV4138,Sarah Johnson,France
INV5528,Emma Martinez,South Korea
INV1255,Emma Garcia,France
INV3503,Emma Martinez,UK
INV2045,Robert Davis,UK
INV9485,Alice Rodriguez,Germany
INV7298,Jessica Smith,Japan
INV7806,Emma Williams,China
INV9789,Emma Miller,Germany
INV2173,Lily Garcia,Germany
INV5115,Jessica Johnson,South Korea
INV7512,James Garcia,UK
INV2707,Alice Garcia,China
INV4508,Michael Jones,UK
INV7677,Emma Miller,Canada
INV9773,Emma Garcia,Unknown
INV3184,Jessica Martinez,France
INV4614,John Williams,USA
INV4663,Michael Miller,South Korea
INV4650,John Smith,China
INV6784,Jessica Miller,USA
INV4446,James Martinez,France
INV8322,Robert Williams,France
INV1371,Jessica Garcia,South Korea
INV4245,James Miller,Japan
INV2304,Emma Brown,Japan
INV5256,Emma Brown,Germany
INV2969,Jessica Miller,France
INV3152,John Garcia,South Korea
INV9361,Michael Davis,Germany
INV1053,John Rodriguez,China
INV8827,Michael Brown,Canada
INV7273,Michael Brown,South Korea
INV5038,Emma Rodriguez,China
INV9187,John Brown,China
INV1124,Michael Johnson,China
INV7727,Sarah Garcia,Unknown
INV5937,Jessica Johnson,Canada
INV8115,Lily Davis,Japan
INV3991,Robert Brown,USA
INV4169,Emma Garcia,China
INV6338,Alice Johnson,Japan
INV5629,Alice Jones,UK
INV4312,Jessica Miller,Germany
INV5360,Emma Rodriguez,Germany
INV3499,Robert Davis,Japan
INV2742,Alice Brown,UK
INV5714,Alice Garcia,France
INV4509,Lily Johnson,China
INV3786,Sarah Jones,South Korea
INV1569,Lily Rodriguez,South Korea
INV7691,John Williams,Japan
INV9537,John Brown,USA
INV7593,John Miller,China
INV2687,Sarah Williams,France
INV5530,Sarah Johnson,Japan
INV8968,John Miller,China
INV1988,Jessica Williams,Germany
INV4963,Emma Williams,China
INV6129,John Martinez,Japan
INV4426,Lily Brown,UK
INV2571,Jessica Smith,Japan
INV9436,Michael Jones,Germany
INV4716,Alice Rodriguez,France
INV6014,Emma Smith,Unknown
INV5934,Robert Smith,Germany
INV7511,John Davis,France
INV8572,Lily Davis,Japan
INV5216,James Johnson,UK
INV6506,Emma Brown,Japan
INV3572,Emma Rodriguez,France
INV7263,Michael Brown,France
INV6051,Jessica Smith,Japan
INV6507,Emma Garcia,China
INV4526,John Garcia,Germany
INV6910,Jessica Garcia,USA
INV9397,Jessica Jones,Japan
INV1125,Jessica Johnson,South Korea
INV6203,David Brown,UK
INV5556,David Brown,Germany
INV7888,Jessica Martinez,USA
INV4841,Robert Jones,Japan
INV1180,Michael Jones,Germany
INV4948,Lily Johnson,USA
INV7844,James Jones,USA
INV6367,Jessica Miller,USA
INV8711,Jessica Martinez,UK
INV5072,James Johnson,USA
INV7669,Lily Williams,UK
INV9907,Lily Rodriguez,Germany
INV6356,Jessica Williams,USA
INV5768,Sarah Johnson,Germany
INV7811,Michael Jones,Canada
INV2417,Robert Rodriguez,Japan
INV5441,James Brown,USA
INV8092,Michael Miller,Japan
INV2103,Sarah Davis,UK
INV4151,David Davis,Unknown
INV2901,Robert Jones,China
INV7881,Michael Johnson,France
INV9386,Sarah Garcia,South Korea
INV9520,John Johnson,Germany
INV7109,Lily Rodriguez,France
INV8515,Robert Garcia,China
INV2545,Robert Smith,China
INV5765,Jessica Martinez,Germany
INV5877,Alice Davis,China
INV3105,Michael Williams,USA
INV3646,John Davis,Japan
INV3072,James Williams,Germany
INV3989,David Smith,France
INV7174,Robert Rodriguez,Canada
INV8602,Robert Miller,China
INV4575,Michael Rodriguez,USA
INV8440,Alice Garcia,France
INV2056,Michael Jones,Unknown
INV4748,Lily Williams,China
INV7630,Lily Smith,China
INV1634,Jessica Rodriguez,Japan
INV4465,Michael Davis,France
INV1190,Michael Martinez,Germany
INV3552,Jessica Williams,Japan
INV5078,Robert Jones,China
INV7523,Michael Johnson,South Korea
INV3197,Emma Williams,France
INV5948,Sarah Smith,China
INV9722,Lily Smith,China
INV1064,James Johnson,Germany
INV2923,James Johnson,South Korea
INV8788,Alice Rodriguez,Canada
INV2033,John Miller,Canada
INV4133,James Brown,USA
INV3630,Alice Johnson,Germany
INV8574,Alice Martinez,Japan
INV8041,Jessica Garcia,Canada
INV9151,John Jones,Germany
INV6181,Emma Davis,Germany
INV2701,John Johnson,Canada
INV6253,Michael Rodriguez,South Korea
INV6259,Jessica Smith,South Korea
INV5291,Michael Johnson,Germany
INV4373,James Miller,Japan
INV5392,Emma Jones,China
INV9549,Lily Miller,France
INV8536,John Rodriguez,USA
INV3273,Lily Johnson,South Korea
INV4878,Michael Brown,France
INV2320,David Miller,Unknown
INV3114,Michael Jones,China
INV6536,James Williams,Canada
INV5654,Alice Miller,France
INV8498,Emma Miller,Germany
INV2176,John Davis,Germany
INV6112,Lily Martinez,France
INV9463,Sarah Williams,USA
INV1910,Robert Davis,Japan
INV1632,Alice Miller,UK
INV3097,Emma Miller,Germany
INV4087,Lily Rodriguez,Japan
INV1266,Alice Rodriguez,South Korea
INV7533,James Williams,Japan
INV7896,John Martinez,UK
INV3260,Robert Johnson,USA
INV8415,Michael Jones,UK
INV1709,Michael Brown,China
INV8125,Sarah Davis,China
INV4501,Emma Martinez,UK
INV7179,Alice Brown,France
INV5997,Robert Davis,UK
INV3428,Michael Brown,Canada
INV4116,David Smith,USA
INV9411,Lily Jones,China
INV3863,Sarah Brown,China
INV4384,Jessica Jones,South Korea
INV8899,Jessica Garcia,Germany
INV8686,James Jones,Germany
INV1735,David Garcia,France
INV7905,Emma Smith,Japan
INV1108,Robert Martinez,Canada
INV8331,James Davis,UK
INV1821,David Garcia,South Korea
INV9103,David Brown,UK
INV7789,David Garcia,Canada
INV7020,John Martinez,China
INV5109,James Smith,Japan
INV7998,Michael Martinez,USA
INV3923,Emma Brown,Germany
INV1836,Lily Johnson,South Korea
INV2141,Lily Miller,USA
INV6962,David Martinez,Japan
INV3667,David Rodriguez,South Korea
INV2597,Jessica Rodriguez,South Korea
INV8198,Robert Smith,China
INV3218,Alice Garcia,South Korea
INV7483,Lily Brown,Japan
INV9341,Sarah Martinez,France
INV3404,Michael Garcia,Canada
INV7850,Robert Smith,China
INV9083,Michael Martinez,China
INV3643,Michael Martinez,USA
INV1722,Lily Brown,Japan
INV7063,Michael Davis,Japan
INV5165,Emma Williams,France
INV8460,James Davis,France
INV6185,Robert Garcia,Japan
INV3964,Michael Brown,South Korea
INV3248,Sarah Smith,USA
INV9344,Emma Jones,South Korea
INV9874,Jessica Miller,China
INV1762,Lily Johnson,China
INV4401,David Martinez,Japan
INV3850,Emma Miller,Japan
INV8234,Sarah Smith,UK
INV1739,Sarah Davis,China
INV4027,Lily Smith,France
INV5924,Alice Brown,Germany
INV4453,John Garcia,UK
INV7058,John Williams,France
INV5020,Robert Johnson,UK
INV8500,Lily Williams,Canada
INV1446,Sarah Miller,South Korea
INV9032,Lily Johnson,Unknown
INV9689,David Williams,France
INV2764,Sarah Brown,China
INV8917,John Jones,USA
INV4933,Michael Martinez,China
INV1318,Jessica Smith,UK
INV9126,Jessica Williams,South Korea
INV1399,Jessica Brown,Germany
INV1682,Emma Rodriguez,Canada
INV1997,Sarah Rodriguez,UK
INV3388,Emma Davis,France
INV6939,Jessica Williams,Canada
INV6602,Alice Martinez,UK
INV9840,David Miller,China
INV7974,James Martinez,France
INV7236,Michael Brown,USA
INV1764,John Smith,Japan
INV1330,Emma Jones,China
INV5097,Alice Martinez,Japan
INV7110,John Garcia,USA
INV2562,Alice Williams,South Korea
INV8671,Alice Jones,China
INV6828,Emma Garcia,Germany
INV5562,Lily Brown,Japan
INV5901,Robert Davis,UK
INV9204,Lily Davis,South Korea
INV3181,Jessica Davis,Germany
INV7012,Lily Garcia,USA
INV6623,Alice Rodriguez,UK
INV4204,David Johnson,Canada
INV1203,Lily Brown,Germany
INV8746,Emma Williams,South Korea
INV6512,Alice Williams,Japan
INV6274,Jessica Martinez,France
INV1268,Lily Johnson,Japan
INV4789,Jessica Jones,Japan
INV8891,Alice Davis,Japan
INV7249,Jessica Johnson,Japan
INV2179,Jessica Brown,UK
INV2447,Alice Garcia,UK
INV9306,Sarah Garcia,UK
INV4257,Sarah Davis,South Korea
INV4753,James Martinez,China
INV2150,Robert Johnson,France
INV1967,Sarah Brown,Germany
INV8200,Alice Davis,France
INV4912,Robert Martinez,Japan
INV3681,David Jones,Germany
INV8701,Emma Davis,China
INV6786,James Smith,USA
INV6204,James Brown,South Korea
INV8437,Sarah Davis,France
INV8737,James Rodriguez,France
INV3107,Robert Johnson,Japan
INV2161,David Garcia,Canada
INV8595,Michael Johnson,USA
INV2558,Michael Johnson,China
INV9575,Michael Rodriguez,UK
INV9389,Michael Johnson,USA
INV3570,Michael Williams,France
INV4282,James Brown,Japan
INV1390,David Johnson,Canada
INV6431,Robert Davis,China
INV7321,Lily Martinez,France
INV8361,John Jones,USA
INV8316,James Smith,South Korea
INV3515,James Rodriguez,South Korea
INV1401,James Williams,Canada
INV5793,Michael Davis,Germany
INV2601,Lily Martinez,China
INV4018,Lily Martinez,USA
INV8226,David Brown,South Korea
INV7429,Sarah Johnson,USA
INV3961,Alice Williams,Germany
INV9868,Alice Martinez,China
INV5658,Jessica Martinez,Canada
INV1253,James Johnson,USA
INV5889,Lily Jones,France
INV6526,James Jones,UK
INV2051,John Davis,Canada
INV9877,John Smith,Japan
INV5280,Jessica Smith,France
INV1674,James Jones,Japan
INV5437,Emma Williams,France
INV8837,Jessica Williams,South Korea
INV5681,John Miller,Germany
INV4774,Jessica Brown,UK
INV4925,John Smith,UK
INV8582,Robert Jones,France
INV3894,Lily Garcia,Canada
INV5801,Lily Johnson,UK
INV3870,David Martinez,Japan
INV6201,Michael Smith,Japan
INV3952,Emma Martinez,China
INV1783,John Martinez,Canada
INV3068,Jessica Jones,USA
INV3209,Emma Jones,Canada
INV8555,Emma Smith,Japan
INV5446,John Miller,China
INV4243,Sarah Brown,France
INV3760,David Martinez,USA
INV9696,Sarah Garcia,China
INV4395,Robert Brown,Japan
INV4164,Lily Brown,Japan
INV6829,David Smith,UK
INV2106,Sarah Smith,France
INV8604,Jessica Martinez,Germany
INV2741,Lily Garcia,USA
INV1052,Lily Williams,Japan
INV1852,Robert Smith,Canada
INV5574,John Williams,China
INV8589,Lily Garcia,France
INV7860,Michael Martinez,France
INV4456,Emma Davis,Germany
INV4817,John Martinez,UK
INV7317,Michael Davis,South Korea
INV6833,Emma Rodriguez,France
INV6440,David Miller,Germany
INV5699,James Smith,France
INV6061,Emma Johnson,USA
INV5347,Lily Johnson,Germany
INV7182,Robert Miller,Canada
INV2651,Robert Garcia,Japan
INV6696,John Rodriguez,South Korea
INV5481,James Johnson,Germany
INV8790,Jessica Smith,France
INV2202,John Davis,UK
INV8922,Robert Brown,Japan
INV7202,Michael Smith,Germany
INV1961,Sarah Martinez,Unknown
INV5571,Jessica Johnson,USA
INV7907,David Garcia,USA
INV1687,Jessica Brown,Germany
INV6255,James Martinez,China
INV3234,John Miller,South Korea
INV4997,David Garcia,USA
INV4989,Michael Davis,China
INV1950,Michael Jones,China
INV5845,Lily Smith,Japan
INV7139,Lily Davis,Japan
INV1496,John Jones,South Korea
INV2952,Sarah Jones,Canada
INV1470,Emma Rodriguez,Japan
INV8566,Michael Smith,China
INV6456,David Rodriguez,USA
INV2472,Michael Miller,Japan
INV4302,John Garcia,Unknown
INV3935,James Smith,USA
INV1189,Lily Smith,Germany
INV2953,James Rodriguez,UK
INV1911,Sarah Davis,UK
INV1182,John Brown,France
INV6668,Sarah Brown,France
INV8510,Jessica Williams,USA
INV6579,John Miller,Unknown
INV7067,Emma Rodriguez,USA
INV9356,Sarah Smith,USA
INV3167,James Davis,France
INV6006,David Miller,Canada
INV3601,Sarah Smith,France
INV5704,Robert Jones,South Korea
INV2888,Lily Jones,Germany
INV8204,Michael Smith,USA
INV7549,David Martinez,South Korea
INV7891,John Rodriguez,Japan
INV6353,David Davis,USA
INV5918,Lily Rodriguez,USA
INV4951,Jessica Johnson,USA
INV6444,Michael Garcia,South Korea
INV1838,Jessica Jones,UK
INV1025,David Brown,France
INV6323,Lily Smith,South Korea
INV8325,James Jones,France
INV2592,Lily Williams,Unknown
INV8111,Alice Rodriguez,France
INV8962,Alice Jones,Canada
INV2724,David Davis,South Korea
INV6546,John Garcia,South Korea
INV5651,Alice Williams,South Korea
INV6190,Michael Rodriguez,Canada
INV4118,Robert Martinez,Germany
INV7551,Jessica Johnson,Unknown
INV9479,David Davis,Canada
INV8642,James Johnson,UK
INV9615,Emma Brown,China
INV3517,Lily Garcia,South Korea
INV1999,Jessica Davis,Germany
INV7901,Lily Miller,South Korea
INV6056,Lily Martinez,UK
INV3136,Jessica Williams,Canada
INV7001,Sarah Jones,USA
INV2885,Michael Smith,UK
INV7190,Lily Smith,France
INV8857,Sarah Johnson,France
INV9595,Jessica Garcia,Japan
INV9621,Jessica Martinez,UK
INV5381,Jessica Rodriguez,France
INV8447,Alice Johnson,France
INV5579,Jessica Martinez,China
INV3333,James Williams,China
INV3562,Alice Davis,Germany
INV9177,Emma Miller,Canada
INV5026,Emma Rodriguez,South Korea
INV7714,Alice Johnson,USA
INV5211,David Johnson,China
INV3764,Alice Jones,UK
INV3983,David Garcia,USA
INV2429,Alice Rodriguez,South Korea
INV1772,Jessica Miller,UK
INV2461,James Jones,USA
INV1780,Emma Johnson,France
INV5680,Lily Brown,USA
INV1766,David Smith,UK
INV3180,Jessica Rodriguez,South Korea
INV5862,John Miller,Germany
INV8577,Emma Jones,Canada
INV7452,Emma Martinez,China
INV8895,Michael Williams,South Korea
INV2789,Sarah Garcia,USA
INV5180,Michael Williams,South Korea
INV7715,Jessica Miller,Germany
INV5760,John Garcia,South Korea
INV5569,Robert Johnson,Canada
INV7873,John Martinez,South Korea
INV7531,James Davis,USA
INV3124,Lily Brown,Canada
INV3013,Jessica Davis,Germany
INV3115,John Johnson,China
INV7257,Jessica Miller,China
INV8476,Alice Jones,UK
INV3674,Michael Jones,USA
INV8132,Emma Miller,China
INV2070,John Rodriguez,France
INV4797,James Smith,Japan
INV5027,Michael Miller,South Korea
INV9266,John Martinez,South Korea
INV8173,Michael Williams,UK
INV1790,Jessica Miller,USA
INV2228,James Miller,South Korea
INV9252,Michael Davis,Germany
INV9011,Alice Jones,Germany
INV3824,James Williams,Canada
INV2064,Jessica Williams,Germany
INV5205,David Johnson,France
INV1126,Robert Williams,UK
INV5383,Lily Smith,Japan
INV6940,Emma Jones,Canada
INV6661,Robert Smith,Japan
INV9450,Alice Davis,Germany
INV4220,James Davis,South Korea
INV6708,Lily Brown,South Korea
INV3147,Jessica Miller,UK
INV1295,Lily Rodriguez,France
INV7725,Jessica Williams,Canada
INV3892,Alice Williams,Germany
INV4043,Michael Williams,Canada
INV6188,John Rodriguez,Canada
INV6778,Michael Miller,Japan
INV2310,Alice Garcia,Canada
INV6707,Robert Martinez,Germany
INV9081,John Williams,Japan
INV8088,Jessica Smith,France
INV2622,Jessica Garcia,Germany
INV6471,Alice Brown,UK
INV7320,Michael Miller,Japan
INV6622,Michael Rodriguez,France
INV3191,Robert Garcia,Canada
INV1356,Lily Brown,South Korea
INV3645,Jessica Martinez,UK
INV9948,Robert Smith,South Korea
INV6385,Emma Williams,Germany
INV2917,Emma Williams,Germany
INV2859,Lily Smith,USA
INV6515,David Rodriguez,China
INV4984,Alice Jones,UK
INV9674,Robert Rodriguez,USA
INV7897,James Martinez,UK
INV3374,John Rodriguez,Germany
INV9287,Robert Miller,South Korea
INV6100,Jessica Garcia,Germany
INV9351,Emma Martinez,USA
INV9846,Sarah Brown,Japan
INV1876,David Martinez,South Korea
INV2900,Sarah Martinez,Japan
INV2297,Alice Rodriguez,South Korea
INV4757,John Martinez,Canada
INV8920,David Garcia,France
INV4278,Lily Jones,Canada
INV7887,James Garcia,Canada
INV3971,Michael Miller,South Korea
INV2246,James Martinez,USA
INV9526,John Williams,South Korea
INV6437,Alice Williams,UK
INV8661,David Williams,Germany
INV6808,Sarah Rodriguez,UK
INV8976,Michael Jones,China
INV6491,John Johnson,South Korea
INV3454,Sarah Jones,Japan
INV1054,Robert Smith,USA
INV3633,Lily Smith,China
INV9378,Alice Williams,USA
INV2862,James Johnson,Germany
INV8343,Michael Brown,South Korea
INV1413,Sarah Jones,USA
INV4844,Emma Smith,China
INV8093,John Martinez,UK
INV2805,Michael Smith,China
INV7350,Michael Rodriguez,France
INV5296,Michael Miller,USA
INV1933,Alice Rodriguez,France
INV5878,Lily Smith,China
INV8054,Robert Davis,China
INV3231,Michael Williams,South Korea
INV1163,John Jones,Germany
INV1581,Alice Miller,USA
INV3703,Michael Davis,USA
INV6314,Robert Jones,Canada
INV6880,David Garcia,USA
INV9570,Sarah Martinez,South Korea
INV4280,Jessica Miller,South Korea
INV1244,Robert Garcia,USA
INV2823,John Brown,France
INV5453,Emma Garcia,Japan
INV9517,Alice Martinez,UK
INV2638,Jessica Miller,France
INV2836,Alice Williams,South Korea
INV2211,John Johnson,USA
INV8228,Robert Miller,France
INV7176,Robert Smith,China
INV1316,David Davis,UK
INV7702,Lily Brown,Japan
INV4074,Alice Williams,Canada
INV2770,Lily Williams,South Korea
INV5860,David Williams,France
INV8462,James Johnson,France
INV2502,Michael Jones,China
INV2936,Jessica Miller,France
INV1090,Emma Miller,USA
INV4594,David Williams,China
INV5305,James Garcia,Japan
INV2294,Emma Johnson,Japan
INV2122,Sarah Brown,South Korea
INV7981,Sarah Johnson,South Korea
INV3435,Michael Garcia,Germany
INV6344,Robert Williams,Japan
INV3611,Michael Garcia,USA
INV6233,David Miller,UK
INV6285,Emma Johnson,France
INV5667,James Jones,South Korea
INV6495,Robert Davis,UK
INV2231,Jessica Jones,UK
INV8841,Sarah Rodriguez,Canada
INV6912,Robert Martinez,South Korea
INV5999,Sarah Rodriguez,Germany
INV8222,Robert Jones,Japan
INV7627,Jessica Johnson,UK
INV2718,Alice Rodriguez,USA
INV5268,David Rodriguez,Canada
INV8355,John Brown,Germany
INV8627,Michael Martinez,Germany
INV7150,James Jones,China
INV7168,Sarah Williams,USA
INV3878,Michael Martinez,South Korea
INV8130,Robert Martinez,South Korea
INV9255,Robert Davis,UK
INV4463,James Smith,Unknown
INV9033,Robert Jones,Canada
INV4862,James Martinez,USA
INV9296,Alice Miller,Germany
INV9781,Robert Rodriguez,China
INV4669,James Davis,South Korea
INV2214,John Jones,China
INV5065,Robert Smith,Japan
INV2668,Sarah Jones,UK
INV2082,John Smith,Japan
INV9131,Robert Rodriguez,USA
INV2655,Robert Rodriguez,China
INV7842,Michael Rodriguez,Germany
INV8525,Jessica Williams,UK
INV3018,Alice Smith,Germany
INV9923,Emma Williams,UK
INV8297,John Davis,Canada
INV1952,John Smith,China
INV8166,James Jones,Japan
INV9091,James Smith,Canada
INV1752,Alice Davis,Germany
INV2494,Sarah Williams,Germany
INV1379,Sarah Garcia,USA
INV9357,Robert Garcia,UK
INV7509,Jessica Rodriguez,UK
INV2220,Jessica Johnson,USA
INV6822,John Jones,South Korea
INV2871,Robert Brown,Japan
INV5984,David Rodriguez,South Korea
INV3905,Alice Johnson,France
INV9776,Emma Smith,USA
INV9825,Alice Williams,South Korea
INV4020,John Miller,UK
INV6221,Lily Davis,UK
INV1929,James Garcia,USA
INV2523,Robert Williams,China
INV1312,Emma Williams,UK
INV7922,Robert Jones,China
INV4464,David Martinez,South Korea
INV8838,James Brown,Japan
INV3903,Lily Miller,Germany
INV9824,James Smith,Unknown
INV8017,Michael Williams,Canada
INV7920,Robert Johnson,UK
INV7400,David Johnson,South Korea
INV8884,Jessica Miller,Canada
INV8404,Lily Smith,Germany
INV3666,James Martinez,South Korea
INV6118,Lily Miller,France
INV5931,Lily Johnson,Germany
INV7290,Robert Rodriguez,UK
INV6116,Sarah Brown,South Korea
INV5662,David Miller,Japan
INV8878,Robert Williams,UK
INV8530,Lily Smith,UK
INV4429,Michael Garcia,Japan
INV7773,Jessica Williams,Germany
INV9512,Robert Brown,Japan
INV8575,James Miller,China
INV4083,David Jones,South Korea
INV3593,Emma Williams,South Korea
INV2566,James Davis,China
INV9249,Jessica Smith,Canada
INV9703,Sarah Miller,Germany
INV3480,Lily Rodriguez,Germany
INV9719,Jessica Rodriguez,Canada
INV8811,Robert Rodriguez,Japan
INV2519,Jessica Garcia,Canada
INV8265,Lily Miller,South Korea
INV7055,Emma Jones,Canada
INV1441,Jessica Garcia,USA
INV1396,David Smith,Germany
INV6517,David Brown,South Korea
INV9477,Jessica Brown,UK
INV3966,Emma Miller,UK
INV8821,Robert Jones,Germany
INV9106,Emma Johnson,France
INV1874,John Brown,USA
INV9317,John Miller,South Korea
INV1553,John Garcia,Canada
INV2324,Lily Williams,China
INV7805,David Smith,France
INV6747,John Brown,South Korea
INV9374,Lily Smith,UK
INV1226,James Garcia,Canada
INV2364,Sarah Martinez,Canada
INV4690,James Johnson,Canada
INV3528,Michael Smith,Canada
INV8174,David Martinez,South Korea
INV8271,Sarah Brown,Germany
INV8464,Jessica Davis,South Korea
INV3796,David Miller,UK
INV1453,Sarah Martinez,China
INV2839,Alice Garcia,France
INV7769,Robert Davis,France
INV5616,Jessica Miller,Canada
INV6159,Jessica Martinez,Unknown
INV1060,Sarah Jones,China
INV2720,Robert Smith,UK
INV4358,Robert Davis,France
INV4207,Jessica Miller,USA
INV7369,David Brown,USA
INV9508,Sarah Brown,Germany
INV4348,Sarah Davis,Canada
INV7207,David Martinez,USA
INV4400,David Miller,Canada
INV8283,James Martinez,France
INV1769,John Davis,Germany
INV4115,Sarah Williams,Germany
INV3090,Alice Johnson,France
INV4994,John Martinez,UK
INV5317,Lily Davis,Japan
INV6053,Lily Johnson,France
INV1407,John Smith,South Korea
INV3416,James Williams,France
INV2550,Robert Williams,China
INV6538,Lily Williams,Germany
INV8617,Emma Williams,Unknown
INV2270,Jessica Martinez,South Korea
INV1720,Robert Davis,UK
INV3294,David Miller,Canada
INV9409,James Martinez,Japan
INV5146,John Martinez,Canada
INV2059,David Brown,South Korea
INV2275,Alice Davis,UK
INV2346,James Martinez,France
INV6951,Alice Smith,Canada
INV2875,Lily Miller,USA
INV8761,Robert Johnson,USA
INV1802,David Rodriguez,USA
INV7694,David Brown,Japan
INV9528,Michael Williams,France
INV6472,Michael Miller,Canada
INV3063,Jessica Smith,South Korea
INV2172,Lily Garcia,South Korea
INV7211,Michael Davis,UK
INV3877,Robert Williams,South Korea
INV7360,John Martinez,Germany
INV6358,Sarah Jones,South Korea
INV1719,Michael Davis,China
INV7094,Emma Rodriguez,UK
INV1740,Michael Miller,Unknown
INV1383,Sarah Rodriguez,Canada
INV2348,David Johnson,Unknown
INV3791,Lily Williams,USA
INV2285,Emma Johnson,USA
INV7951,Robert Brown,UK
INV1746,Sarah Martinez,Japan
INV5011,Robert Martinez,UK
INV4371,Alice Martinez,Canada
INV9997,David Martinez,UK
INV1092,Sarah Brown,UK
INV9560,Robert Brown,South Korea
INV1361,Alice Johnson,Canada
INV9040,Lily Smith,France
INV8445,Alice Garcia,China
INV5757,Jessica Miller,China
INV3223,Alice Rodriguez,South Korea
INV9084,Robert Williams,France
INV2088,Sarah Garcia,South Korea
INV7988,Sarah Rodriguez,USA
INV8393,Sarah Martinez,Japan
INV4507,Lily Smith,South Korea
INV1292,John Jones,Germany
INV1533,Michael Jones,UK
INV1770,Robert Brown,Japan
INV9082,Michael Brown,Canada
INV5121,Robert Garcia,UK
INV3980,Emma Garcia,Japan
INV4109,Alice Williams,UK
INV1237,Michael Rodriguez,China
INV2323,Emma Rodriguez,China
INV2332,James Davis,UK
INV3688,Robert Garcia,Germany
INV5233,James Williams,China
INV3513,Michael Jones,Unknown
INV5969,Alice Miller,UK
INV8301,Sarah Garcia,Japan
INV4418,Alice Miller,USA
INV3111,Alice Martinez,Canada
INV9491,Michael Smith,USA
INV8029,Sarah Jones,Canada
INV3876,David Garcia,Unknown
INV7785,John Johnson,Japan
INV7177,John Jones,UK
INV7651,Sarah Williams,Japan
INV3447,Michael Smith,Germany
INV2841,David Davis,France
INV2092,Jessica Rodriguez,USA
INV6785,David Miller,South Korea
INV3819,Robert Johnson,USA
INV6033,Jessica Garcia,UK
INV3740,David Jones,China
INV8044,David Davis,UK
INV8695,Emma Rodriguez,UK
INV8557,James Rodriguez,USA
INV8205,Michael Williams,Germany
INV8382,Jessica Smith,Germany
INV4796,David Martinez,Germany
INV2369,Sarah Brown,China
INV4724,Jessica Johnson,Germany
INV7359,John Davis,USA
INV1622,Michael Johnson,Unknown
INV7933,John Brown,China
INV9801,Robert Davis,Canada
INV3530,David Brown,Canada
INV4668,John Martinez,USA
INV9413,Emma Miller,Canada
INV9166,James Brown,UK
INV9313,John Garcia,Germany
INV8061,John Williams,Japan
INV7332,Robert Smith,Germany
INV9207,Robert Smith,Japan
INV6075,Jessica Smith,Canada
INV3704,Sarah Jones,Germany
INV9678,John Williams,South Korea
INV8965,James Miller,USA
INV3134,David Garcia,Germany
INV7098,Lily Rodriguez,South Korea
INV7117,Robert Rodriguez,Japan
INV1206,James Williams,France
INV4455,James Garcia,Japan
INV4256,Robert Williams,Japan
INV4279,David Smith,Germany
INV2036,Jessica Brown,USA
INV5722,John Jones,USA
INV5288,Emma Jones,Canada
INV9347,Alice Jones,Japan
INV2795,Lily Rodriguez,France
INV6863,Michael Johnson,Canada
INV7904,David Brown,China
INV5947,Alice Miller,Germany
INV3683,Michael Jones,UK
INV1287,Robert Brown,China
INV9454,Sarah Johnson,France
INV4494,Jessica Davis,UK
INV4701,David Martinez,China
INV3705,Robert Garcia,USA
INV8443,Jessica Garcia,France
INV6763,Jessica Jones,France
INV3567,Michael Smith,USA
INV3446,David Rodriguez,Canada
INV6866,James Miller,UK
INV6214,James Jones,Canada
INV8983,Emma Smith,Unknown
INV7667,Jessica Miller,USA
INV6273,Emma Garcia,South Korea
INV9994,David Johnson,Canada
INV5679,Emma Garcia,Unknown
INV8715,James Johnson,France
INV1046,Lily Miller,China
INV7128,Jessica Williams,UK
INV7379,Alice Davis,USA
INV7482,Lily Davis,South Korea
INV7233,Michael Miller,USA
INV2277,Lily Davis,Germany
INV8390,Jessica Jones,UK
INV3629,James Miller,UK
INV1542,Lily Davis,USA
INV1377,Michael Rodriguez,South Korea
INV6169,Sarah Williams,Canada
INV2740,Emma Martinez,USA
INV3261,John Jones,USA
INV2834,Jessica Rodriguez,South Korea
INV6547,Sarah Brown,France
INV5341,Robert Smith,UK
INV1519,John Rodriguez,France
INV8844,James Garcia,South Korea
INV8358,Sarah Miller,Germany
INV2134,Michael Garcia,UK
INV3075,James Miller,UK
INV8614,Robert Garcia,China
INV3315,Robert Jones,France
INV1087,David Garcia,South Korea
INV6915,Jessica Brown,USA
INV3975,Michael Davis,France
INV1102,Alice Jones,South Korea
INV3516,Jessica Johnson,Germany
INV9513,Michael Miller,UK
INV8808,Emma Martinez,China
INV6291,James Garcia,Germany
INV8630,Alice Miller,Germany
INV6216,David Davis,South Korea
INV3733,Jessica Garcia,France
INV6605,Michael Brown,South Korea
INV1466,Jessica Brown,Japan
INV4143,Michael Williams,China
INV2440,Robert Davis,China
INV8988,Michael Martinez,South Korea
INV9052,Jessica Smith,South Korea
INV2201,Emma Garcia,USA
INV2699,James Rodriguez,USA
INV2729,Michael Martinez,Canada
INV7819,David Williams,South Korea
INV8736,John Johnson,Unknown
INV4645,Sarah Miller,South Korea
INV7159,Robert Davis,China
INV5140,James Martinez,France
INV9889,Lily Johnson,South Korea
INV4004,Emma Brown,France
INV5721,Emma Martinez,France
INV6021,Sarah Davis,UK
INV3400,John Miller,Germany
INV2359,Sarah Martinez,UK
INV4439,Michael Smith,South Korea
INV1610,Michael Miller,Canada
INV7788,Lily Williams,Japan
INV1763,Robert Garcia,Canada
INV5116,Emma Miller,UK
INV8828,Alice Williams,France
INV4301,Sarah Garcia,France
INV3089,Emma Garcia,Canada
INV5799,Jessica Garcia,Japan
INV3752,Jessica Smith,UK
INV7195,Jessica Miller,Japan
INV1210,Alice Jones,Germany
INV8836,Emma Brown,UK
INV7333,Sarah Johnson,Germany
INV6010,Jessica Williams,USA
INV6651,Robert Miller,France
INV1870,Lily Johnson,France
INV1779,Emma Garcia,France
INV2940,Alice Rodriguez,South Korea
INV4068,John Johnson,France
INV8935,Michael Jones,UK
INV3316,David Johnson,Unknown
INV5423,Sarah Brown,Germany
INV2693,Michael Jones,Germany
INV1663,John Johnson,Japan
INV1150,Alice Miller,France
INV6160,John Rodriguez,USA
INV2004,Jessica Johnson,South Korea
INV8238,John Brown,South Korea
INV3185,James Garcia,France
INV4850,Emma Rodriguez,France
INV8084,Alice Rodriguez,Germany
INV5458,Lily Brown,UK
INV2366,Sarah Smith,Unknown
INV3886,Alice Miller,Japan
INV9941,Lily Jones,UK
INV7300,Sarah Smith,South Korea
INV2786,John Rodriguez,China
INV9009,Lily Johnson,Canada
INV1031,James Jones,Germany
INV1699,David Martinez,Germany
INV1705,David Jones,South Korea
INV4900,Emma Davis,USA
INV2968,Sarah Smith,USA
INV5851,James Jones,Unknown
INV3536,Emma Brown,Germany
INV6559,David Johnson,China
INV7338,John Williams,South Korea
INV8750,Jessica Rodriguez,Germany
INV5261,Sarah Jones,Canada
INV6251,Emma Brown,UK
INV7672,James Garcia,Japan
INV6263,Robert Miller,Canada
INV3608,James Jones,USA
INV1833,Sarah Rodriguez,China
INV1980,John Davis,Canada
INV4556,Robert Williams,South Korea
INV4662,Sarah Rodriguez,USA
INV3339,Lily Williams,Japan
INV1276,Jessica Brown,UK
INV7079,John Rodriguez,USA
INV5600,Robert Smith,Unknown
INV8080,David Rodriguez,Unknown
INV3748,Alice Williams,USA
INV2580,Michael Smith,Germany
INV2938,Lily Jones,Japan
INV6614,James Smith,China
INV2400,James Miller,UK
INV3555,Robert Davis,Germany
INV1532,Alice Davis,USA
INV5687,Michael Garcia,France
INV8490,Emma Brown,China
INV4107,John Williams,Canada
INV4589,Sarah Williams,China
INV7815,David Williams,Canada
INV6820,Lily Smith,UK
INV5742,Lily Smith,France
INV3465,Robert Williams,Japan
INV9782,John Jones,Germany
INV9690,Jessica Martinez,France
INV6817,James Johnson,South Korea
INV2547,Emma Williams,Japan
INV2855,Michael Smith,China
INV5964,John Miller,Japan
INV8148,Jessica Davis,China
INV8612,John Miller,Germany
INV8942,David Miller,Unknown
INV9622,Emma Garcia,Japan
INV7623,Jessica Smith,Japan
INV9061,John Williams,Canada
INV2746,Sarah Williams,UK
INV2167,Alice Williams,Japan
INV3291,Sarah Williams,Canada
INV2887,Michael Johnson,Germany
INV7101,Jessica Johnson,Germany
INV8840,Robert Smith,China
INV4510,Sarah Davis,UK
INV7836,David Garcia,Unknown
INV5152,Emma Garcia,China
INV1602,Michael Smith,USA
INV3592,John Johnson,Canada
INV7793,James Williams,Canada
INV4785,Alice Garcia,Unknown
INV1447,Michael Jones,China
INV2521,Jessica Williams,China
INV6566,Sarah Garcia,Canada
INV1198,Jessica Johnson,South Korea
INV9544,John Davis,France
INV5429,James Garcia,UK
INV5037,John Davis,Germany
INV9216,David Miller,China
INV5002,James Jones,France
INV5827,James Martinez,China
INV7629,Sarah Martinez,Japan
INV6909,David Smith,China
INV2670,John Rodriguez,Germany
INV1016,Robert Smith,Germany
INV5657,Alice Martinez,Canada
INV6332,Emma Rodriguez,USA
INV8237,Sarah Davis,France
INV6073,David Johnson,Germany
INV5865,James Brown,Japan
INV2435,Robert Davis,China
INV9772,Lily Jones,China
INV5831,John Davis,USA
INV6705,Emma Jones,USA
INV2196,Jessica Brown,Canada
INV9144,Emma Johnson,France
INV2040,Sarah Jones,South Korea
INV1845,Sarah Garcia,USA
INV4916,Sarah Johnson,UK
INV5414,Alice Miller,USA
INV4926,Robert Johnson,France
INV7738,Michael Smith,UK
INV8833,Lily Garcia,Canada
INV2593,Jessica Miller,South Korea
INV7106,Robert Garcia,Canada
INV9715,Sarah Rodriguez,South Korea
INV3532,Lily Jones,Japan
INV2990,Robert Martinez,USA
INV2793,Robert Brown,South Korea
INV5695,Sarah Johnson,South Korea
INV7529,John Miller,Germany
INV5967,David Brown,Japan
INV3539,James Brown,Unknown
INV9070,John Smith,Japan
INV7976,Alice Brown,UK
INV6307,Jessica Smith,Germany
INV6133,Emma Williams,Canada
INV3803,Michael Rodriguez,Canada
INV7937,Alice Rodriguez,Japan
INV2659,David Davis,France
INV2620,Michael Brown,Canada
INV6574,John Jones,UK
INV6972,Jessica Johnson,UK
INV8726,David Johnson,China
INV1913,Jessica Miller,UK
INV3377,Alice Miller,France
INV5362,Sarah Johnson,USA
INV8488,James Brown,UK
INV5582,Robert Garcia,UK
INV3574,Alice Williams,Japan
INV1541,Sarah Martinez,France
INV2641,Sarah Martinez,Japan
INV4130,James Garcia,USA
INV6537,Emma Martinez,UK
INV8346,John Brown,Japan
INV3028,James Jones,Japan
INV4407,Robert Davis,China
INV4326,David Martinez,Japan
INV9146,Alice Martinez,South Korea
INV4438,Michael Davis,China
INV3141,Sarah Martinez,UK
INV5328,Emma Rodriguez,Japan
INV4896,Michael Johnson,South Korea
INV1416,James Johnson,France
INV2790,Robert Jones,Germany
INV6327,Jessica Smith,Canada
INV7961,Sarah Brown,USA
INV4780,David Williams,USA
INV6814,Alice Miller,Canada
INV9461,Alice Smith,Canada
INV5108,David Davis,UK
INV3434,Alice Rodriguez,Japan
INV2113,Emma Miller,USA
INV1073,Sarah Williams,Japan
INV3698,Sarah Martinez,South Korea
INV5307,Jessica Miller,Japan
INV1307,John Garcia,Canada
INV8518,James Jones,Canada
INV9982,David Rodriguez,South Korea
INV6529,Jessica Smith,Germany
INV1077,Emma Davis,Japan
INV2123,Emma Rodriguez,China
INV7972,Lily Brown,UK
INV2549,Michael Garcia,South Korea
INV6382,Alice Miller,South Korea
INV4684,Sarah Miller,Japan
INV4086,James Williams,USA
INV5332,John Martinez,USA
INV6742,Jessica Williams,Germany
INV7799,John Jones,Canada
INV2857,Jessica Martinez,Germany
INV4986,Sarah Johnson,South Korea
INV6080,Michael Martinez,USA
INV7424,Sarah Brown,Japan
INV1459,Alice Davis,UK
INV7929,David Johnson,Canada
INV9225,Lily Jones,UK
INV2642,John Jones,UK
INV9087,John Rodriguez,China
INV9979,Alice Smith,Japan
INV1983,Robert Davis,Canada
INV4778,Robert Brown,China
INV7051,Michael Williams,USA
INV5114,Robert Johnson,USA
INV8377,Lily Brown,France
INV7760,John Williams,Germany
INV3682,John Davis,China
INV1191,Robert Martinez,Germany
INV7749,Robert Johnson,France
INV1404,Jessica Jones,Germany
INV6430,Alice Martinez,Japan
INV8224,Sarah Smith,France
INV2005,James Martinez,Germany
INV1521,James Brown,Japan
INV7525,Michael Brown,China
INV4212,Michael Garcia,France
INV6899,Alice Smith,China
INV5368,Lily Johnson,UK
INV4079,John Rodriguez,Germany
INV9206,James Jones,Japan
INV4158,Michael Johnson,France
INV2872,Alice Rodriguez,Germany
INV4364,Robert Brown,South Korea
INV5928,Emma Rodriguez,Japan
INV1114,James Davis,Canada
INV3399,Lily Davis,USA
INV3564,Michael Martinez,Canada
INV3195,Sarah Martinez,France
INV1482,James Rodriguez,Germany
INV3226,David Jones,Japan
INV8275,Jessica Johnson,Germany
INV4170,Michael Williams,Japan
INV3804,Robert Garcia,Japan
INV8651,Michael Brown,Japan
INV9308,Alice Williams,South Korea
INV5828,Lily Davis,Canada
INV5062,Jessica Williams,Japan
INV1298,James Garcia,Unknown
INV3440,James Smith,Japan
INV9421,Robert Johnson,China
INV7378,Emma Garcia,China
INV5589,Sarah Johnson,Canada
INV6514,Michael Jones,Japan
INV1964,Alice Miller,China
INV5709,Michael Martinez,China
INV2398,David Johnson,South Korea
INV1026,Michael Williams,Japan
INV9359,Alice Brown,South Korea
INV2223,Michael Brown,USA
INV8881,Jessica Davis,Canada
INV9050,Jessica Miller,Germany
INV4808,Emma Miller,France
INV8475,Robert Martinez,France
INV2820,Emma Jones,South Korea
INV1760,Lily Williams,Canada
INV3794,Sarah Brown,Canada
INV2206,John Garcia,UK
INV3347,Robert Rodriguez,USA
INV7422,Alice Smith,Germany
INV1969,Michael Garcia,Japan
INV2909,John Jones,Canada
INV1529,Jessica Smith,South Korea
INV5758,Emma Johnson,Canada
INV8491,Lily Smith,France
INV6894,David Smith,USA
INV4425,Alice Jones,South Korea
INV6836,Michael Rodriguez,Canada
INV4417,Emma Smith,Germany
INV1808,David Smith,Germany
INV6083,Emma Garcia,Japan
INV3059,Jessica Williams,South Korea
INV5286,James Johnson,Germany
INV2452,Robert Brown,France
INV6399,Sarah Rodriguez,South Korea
INV2733,Lily Miller,USA
INV8348,Lily Garcia,France
INV4253,Sarah Williams,Canada
INV9635,Sarah Martinez,France
INV8122,Emma Johnson,UK
INV1309,John Williams,Unknown
INV9498,James Davis,China
INV6739,John Johnson,UK
INV7616,Emma Williams,Unknown
INV1015,Michael Davis,UK
INV1837,Sarah Smith,USA
INV4471,Alice Martinez,Canada
INV5914,Alice Garcia,Japan
INV7053,David Jones,Unknown
INV1311,Jessica Rodriguez,Japan
INV1086,Jessica Rodriguez,France
INV6656,Lily Miller,South Korea
INV8353,Robert Johnson,USA
INV4496,Alice Martinez,France
INV4929,James Davis,USA
INV3573,David Johnson,Japan
INV8139,John Brown,China
INV1009,Sarah Smith,Germany
INV7666,James Johnson,France
INV6762,Emma Martinez,South Korea
INV5671,Emma Davis,UK
INV8269,Robert Rodriguez,South Korea
INV8799,Robert Johnson,South Korea
INV4225,Alice Jones,Canada
INV6980,Alice Williams,South Korea
INV6414,James Martinez,Germany
INV1291,John Miller,USA
INV4413,David Smith,Germany
INV5578,John Garcia,Canada
INV6931,Emma Miller,Japan
INV8388,Sarah Miller,UK
INV9451,Lily Johnson,Canada
INV4481,Sarah Rodriguez,Germany
INV5035,David Davis,UK
INV9733,Lily Martinez,South Korea
INV6618,Jessica Martinez,Canada
INV4547,Jessica Miller,Germany
INV2722,David Williams,USA
INV4490,Alice Garcia,South Korea
INV2153,Jessica Williams,France
INV1759,Michael Jones,UK
INV2967,Emma Rodriguez,USA
INV9950,Michael Brown,South Korea
INV7131,Lily Smith,France
INV2555,Sarah Martinez,Canada
INV2341,Jessica Smith,China
INV1785,Lily Rodriguez,UK
INV9878,Michael Garcia,Japan
INV2241,Alice Rodriguez,USA
INV4452,Robert Garcia,China
INV8000,Jessica Miller,Canada
INV6362,David Johnson,Germany
INV2371,Sarah Rodriguez,China
INV4975,Emma Davis,South Korea
INV6248,John Rodriguez,Canada
INV3047,Emma Johnson,South Korea
INV7226,James Davis,France
INV7853,Sarah Martinez,Japan
INV4080,Michael Davis,USA
INV6694,John Williams,South Korea
INV4985,Emma Miller,Canada
INV1725,Lily Brown,South Korea
INV5495,Sarah Williams,Germany
INV9601,Robert Rodriguez,South Korea
INV3736,David Smith,UK
INV7142,Lily Martinez,UK
INV6481,John Brown,France
INV2661,Robert Brown,USA
INV5426,Sarah Williams,France
INV4834,Jessica Johnson,Canada
INV8883,Emma Martinez,Unknown
INV5279,Jessica Smith,Japan
INV6303,Jessica Johnson,France
INV5212,Sarah Martinez,South Korea
INV9482,Alice Smith,Germany
INV7004,James Jones,Japan
INV5886,Emma Smith,South Korea
INV4608,John Miller,Unknown
INV2317,Sarah Smith,Germany
INV6552,Michael Davis,Japan
INV7425,Michael Davis,Unknown
INV5761,John Smith,South Korea
INV1228,Lily Brown,Canada
INV3689,Lily Garcia,Canada
INV7238,Robert Garcia,Germany
INV6489,Lily Miller,France
INV9529,Jessica Jones,South Korea
INV2426,Sarah Martinez,France
INV9253,Robert Williams,Japan
INV1688,Emma Smith,Canada
INV6146,Michael Jones,South Korea
INV1565,David Johnson,Japan
INV3376,Robert Davis,Canada
INV4141,David Miller,China
INV1934,Jessica Garcia,USA
INV4784,Sarah Smith,Japan
INV2664,Alice Garcia,Japan
INV2448,James Johnson,Canada
INV1299,John Miller,China
INV5587,Lily Garcia,France
INV4886,Michael Garcia,USA
INV6522,Michael Miller,Japan
INV7461,Michael Davis,USA
INV5879,Lily Garcia,South Korea
INV5337,David Johnson,Japan
INV2154,David Williams,Unknown
INV2930,James Brown,Canada
INV9717,Sarah Williams,Unknown
INV4121,John Williams,France
INV9707,Lily Johnson,France
INV5568,Robert Jones,Germany
INV2290,Jessica Brown,Canada
INV9617,Alice Williams,Germany
INV2058,Alice Davis,UK
INV4734,Emma Johnson,Canada
INV6876,Sarah Smith,Canada
INV2443,Alice Jones,South Korea
INV3250,David Davis,Japan
INV2217,James Rodriguez,Germany
INV5460,Lily Jones,UK
INV3192,Jessica Davis,Germany
INV7265,Alice Smith,Germany
INV6699,Alice Garcia,South Korea
INV2483,John Williams,USA
INV1618,Alice Rodriguez,Canada
INV5743,Emma Jones,Japan
INV1337,James Williams,Japan
INV8426,Sarah Davis,South Korea
INV2508,James Johnson,China
INV9886,Sarah Jones,UK
INV1509,David Smith,Canada
INV1367,James Garcia,South Korea
INV1436,Lily Miller,Canada
INV6789,Robert Williams,USA
INV6386,Robert Miller,China
INV8524,John Martinez,USA
INV6827,John Miller,South Korea
INV3873,Michael Martinez,Canada
INV7437,Robert Brown,China
INV1816,Michael Martinez,USA
INV9961,David Martinez,UK
INV5088,David Rodriguez,Unknown
INV3459,Michael Davis,UK
INV3439,Lily Smith,UK
INV6988,Emma Rodriguez,Canada
INV2610,David Miller,France
INV4674,Emma Davis,Canada
INV8403,David Garcia,France
INV2732,Jessica Jones,UK
INV9822,Emma Garcia,Japan
INV4888,Lily Garcia,South Korea
INV7619,Lily Miller,South Korea
INV4863,Sarah Johnson,UK
INV3832,Michael Rodriguez,Japan
INV7656,Jessica Miller,France
INV7765,Michael Rodriguez,China
INV7262,John Smith,Unknown
INV9909,Alice Rodriguez,UK
INV8201,David Smith,France
INV1984,John Miller,France
INV7545,Jessica Garcia,France
INV4382,John Rodriguez,Canada
INV2281,Lily Davis,USA
INV4595,Jessica Davis,Canada
INV9334,John Martinez,Germany
INV5550,Emma Jones,UK
INV2425,Emma Brown,France
INV4357,Michael Miller,South Korea
INV9625,David Garcia,China
INV8601,Sarah Johnson,Japan
INV5244,James Miller,Canada
INV4041,Robert Garcia,UK
INV5231,James Davis,Japan
INV4518,Sarah Davis,Canada
INV2892,Emma Garcia,Canada
INV9271,Sarah Johnson,Japan
INV3691,Robert Brown,France
INV2792,Jessica Johnson,South Korea
INV6478,James Martinez,Unknown
INV4104,John Garcia,China
INV9264,Alice Williams,UK
INV2287,Michael Martinez,Japan
INV6345,Alice Williams,South Korea
INV6938,Alice Miller,Germany
INV1275,Sarah Williams,Germany
INV7446,Lily Smith,France
INV6017,Robert Martinez,China
INV6890,Emma Miller,France
INV3642,Robert Miller,UK
INV6286,Lily Davis,UK
INV5374,Michael Garcia,China
INV3350,David Martinez,Unknown
INV5059,David Miller,Canada
INV1071,Sarah Garcia,Canada
INV3709,James Brown,Japan
INV8583,Robert Johnson,Canada
INV3481,Lily Garcia,Canada
INV8211,Alice Williams,USA
INV6970,Alice Smith,Germany
INV4145,John Jones,USA
INV2611,Lily Jones,Germany
INV9336,James Smith,China
INV4266,Lily Smith,USA
INV6722,John Martinez,China
INV6715,Alice Williams,USA
INV8439,Sarah Miller,Japan
INV1765,Alice Johnson,Unknown
INV2427,Jessica Miller,South Korea
INV3604,David Davis,South Korea
INV8082,Lily Smith,France
INV9292,Lily Davis,Germany
INV3173,Emma Miller,China
INV7899,James Davis,Germany
INV7497,Lily Martinez,China
INV3051,David Williams,Japan
INV9027,Jessica Garcia,South Korea
INV3533,Lily Rodriguez,Unknown
INV3343,David Rodriguez,France
INV8537,John Martinez,Canada
INV9902,Michael Garcia,Canada
INV8978,James Williams,France
INV9300,Sarah Jones,UK
INV5872,David Martinez,France
INV4239,Robert Johnson,Japan
INV6877,Michael Garcia,UK
INV7313,Sarah Johnson,Germany
INV8340,Michael Martinez,China
INV6973,John Williams,Japan
INV1505,Sarah Johnson,South Korea
INV7334,Sarah Davis,Germany
INV5144,Sarah Williams,Unknown
INV3458,Michael Brown,Canada
INV1835,Sarah Johnson,USA
INV2744,John Davis,France
INV6831,Robert Jones,Japan
INV5930,Emma Johnson,France
INV5404,Emma Smith,France
INV4597,Sarah Rodriguez,USA
INV6261,Michael Smith,USA
INV6448,Alice Smith,USA
INV5539,Jessica Miller,Canada
INV7605,Lily Smith,USA
INV5631,Jessica Brown,Germany
INV5855,James Johnson,China
INV6258,Jessica Smith,USA
INV4010,Emma Miller,USA
INV1256,Jessica Jones,USA
INV8389,Alice Johnson,China
INV6738,James Miller,Germany
INV7248,Jessica Miller,UK
INV8432,Lily Smith,Canada
INV6111,Michael Davis,USA
INV4081,James Jones,China
INV1070,John Williams,Japan
INV7689,Lily Miller,Germany
INV8590,John Rodriguez,Germany
INV8101,Sarah Brown,Germany
INV1907,John Rodriguez,France
INV3011,Robert Jones,Germany
INV4199,Jessica Johnson,USA
INV5143,Emma Johnson,China
INV6926,Robert Martinez,USA
INV2975,James Williams,Japan
INV6429,John Rodriguez,France
INV7078,Emma Jones,UK
INV9280,Michael Brown,China
INV6326,James Martinez,South Korea
INV3341,James Rodriguez,Japan
INV4108,James Garcia,Japan
INV9736,David Miller,Canada
INV3817,James Smith,South Korea
INV8745,Lily Garcia,Japan
INV7108,Jessica Garcia,Canada
INV4642,Robert Garcia,Germany
INV6850,Robert Williams,South Korea
INV7398,Jessica Rodriguez,France
INV3531,Jessica Garcia,South Korea
INV1580,John Smith,Germany
INV6541,James Johnson,China
INV2458,Michael Martinez,Canada
INV4516,James Davis,Canada
INV9164,James Brown,USA
INV5822,Alice Martinez,Japan
INV2949,Jessica Williams,UK
INV2660,Alice Johnson,France
INV4856,David Davis,Germany
INV8037,Jessica Rodriguez,USA
INV4142,Michael Jones,USA
INV3478,Sarah Johnson,China
INV7569,Robert Davis,USA
INV4442,Michael Rodriguez,Canada
INV9183,James Williams,Japan
INV1022,Michael Miller,China
INV7928,Jessica Garcia,China
INV1564,Michael Davis,Canada
INV9181,John Davis,Germany
INV9395,John Martinez,China
INV3888,James Jones,UK
INV9412,John Brown,South Korea
INV1944,Alice Garcia,UK
INV5857,Lily Rodriguez,UK
INV5194,Emma Jones,France
INV4110,Michael Rodriguez,Unknown
INV8668,Lily Smith,USA
INV8752,James Martinez,South Korea
INV9243,Jessica Garcia,South Korea
INV5234,Robert Davis,China
INV9953,David Williams,France
INV3045,Alice Martinez,China
INV7036,David Johnson,Canada
INV5777,James Johnson,USA
INV4729,John Jones,Germany
INV1355,Jessica Jones,UK
INV5295,Michael Rodriguez,South Korea
INV6370,Alice Rodriguez,Unknown
INV1747,Emma Jones,USA
INV1002,Emma Garcia,UK
INV6388,Alice Miller,South Korea
INV6543,Michael Smith,Japan
INV5813,John Williams,UK
INV9720,Jessica Davis,France
INV9101,Sarah Johnson,France
INV9179,Lily Smith,Canada
INV9706,Alice Miller,Japan
INV7612,Michael Rodriguez,South Korea
INV5848,Alice Rodriguez,USA
INV2358,John Martinez,UK
INV8051,Robert Smith,UK
INV9213,David Davis,Japan
INV3123,Robert Miller,USA
INV9285,James Smith,France
INV6892,Sarah Brown,China
INV6391,Jessica Williams,Japan
INV3902,Alice Garcia,South Korea
INV9748,John Brown,UK
INV1481,Emma Martinez,Japan
INV4681,Lily Miller,France
INV9897,Lily Davis,Canada
INV6834,Alice Smith,China
INV9504,Sarah Johnson,USA
INV1729,Michael Rodriguez,USA
INV3319,John Rodriguez,Canada
INV5103,David Johnson,Canada
INV7285,David Brown,Japan
INV1963,James Garcia,China
INV9383,James Martinez,Canada
INV2495,Lily Brown,UK
INV4805,Emma Smith,Unknown
INV1382,Sarah Smith,USA
INV2868,Sarah Brown,Germany
INV9094,Michael Brown,USA
INV8457,Emma Smith,USA
INV1801,Sarah Williams,Japan
INV4291,Emma Rodriguez,UK
INV9896,Alice Brown,South Korea
INV4313,John Garcia,Canada
INV1643,Michael Brown,South Korea
INV3247,David Rodriguez,Japan
INV3596,James Miller,South Korea
INV2363,Emma Brown,UK
INV2653,James Brown,Japan
INV6741,Jessica Martinez,South Korea
INV9238,Lily Davis,Unknown
INV2303,Jessica Davis,Germany
INV7585,David Jones,Unknown
INV3189,Robert Brown,USA
INV7643,Emma Brown,China
INV9481,Sarah Brown,China
INV7645,Alice Williams,Japan
INV5014,Sarah Rodriguez,Germany
INV2762,Lily Davis,UK
INV8184,Sarah Rodriguez,South Korea
INV2867,Sarah Garcia,France
INV9099,Emma Williams,USA
INV4026,Sarah Brown,Japan
INV7838,Jessica Davis,Canada
INV4653,James Miller,USA
INV2972,Alice Smith,Germany
INV2115,David Davis,Germany
INV8849,David Garcia,France
INV6712,Jessica Rodriguez,UK
INV2955,Sarah Miller,Japan
INV6804,Michael Williams,South Korea
INV6250,John Rodriguez,Germany
INV6759,Alice Garcia,China
INV6029,John Jones,Japan
INV1503,Lily Jones,China
INV6031,Robert Williams,Canada
INV2130,David Garcia,Germany
INV5954,Robert Jones,Canada
INV2924,Lily Martinez,Germany
INV5517,John Miller,UK
INV2672,Emma Brown,USA
INV2237,Robert Garcia,Canada
INV9028,Michael Rodriguez,UK
INV3007,Sarah Johnson,UK
INV6635,John Rodriguez,South Korea
INV8957,James Miller,China
INV1875,Jessica Garcia,UK
INV6312,Lily Rodriguez,France
INV1589,Lily Williams,South Korea
INV8078,Michael Smith,Germany
INV5235,Michael Williams,South Korea
INV2326,James Jones,Germany
INV9536,Jessica Davis,UK
INV1892,John Miller,USA
INV3395,Lily Williams,Japan
INV5810,Lily Davis,France
INV1734,David Jones,USA
INV7513,Jessica Brown,France
INV1840,James Miller,China
INV1851,Jessica Williams,Unknown
INV9137,David Williams,USA
INV8341,Alice Davis,Japan
INV5518,John Miller,Japan
INV3500,James Rodriguez,China
INV8839,Michael Brown,Germany
INV5283,Robert Rodriguez,Germany
INV8033,Lily Williams,Germany
INV7341,James Garcia,France
INV3081,Jessica Miller,USA
INV8729,James Johnson,Japan
INV8427,James Rodriguez,Japan
INV3823,Alice Smith,Japan
INV3580,Lily Johnson,Germany
INV1303,Emma Jones,Canada
INV8191,Emma Smith,South Korea
INV2529,Lily Williams,Canada
INV8295,Sarah Williams,South Korea
INV3210,Emma Davis,Germany
INV3578,David Johnson,USA
INV1563,Alice Davis,Japan
INV8945,Emma Rodriguez,USA
INV6703,Robert Williams,France
INV6753,Lily Brown,UK
INV1629,Alice Smith,Japan
INV4552,John Johnson,South Korea
INV9695,Sarah Rodriguez,France
INV6564,Sarah Garcia,France
INV1593,Lily Garcia,USA
INV9893,Michael Rodriguez,France
INV3635,John Davis,China
INV4697,Lily Davis,Germany
INV6713,Emma Williams,France
INV9516,Sarah Johnson,France
INV6373,Lily Jones,Germany
INV5514,Lily Miller,Japan
INV5537,Emma Jones,UK
INV4182,David Jones,Germany
INV9580,John Davis,USA
INV6845,James Johnson,Canada
INV8207,Robert Rodriguez,UK
INV3229,Emma Davis,Canada
INV3445,James Martinez,South Korea
INV8412,David Williams,USA
INV1329,David Brown,Germany
INV1805,Jessica Davis,South Korea
INV7430,Jessica Davis,UK
INV2691,Emma Davis,UK
INV3369,Emma Rodriguez,UK
INV7186,Emma Miller,China
INV4094,James Garcia,USA
INV3879,Jessica Smith,Canada
INV5908,Sarah Williams,Japan
INV8003,Emma Davis,Unknown
INV9565,Lily Martinez,Germany
INV3778,Michael Jones,UK
INV9345,Sarah Miller,France
INV1637,Sarah Martinez,China
INV2527,Robert Jones,UK
INV7062,Jessica Brown,Canada
INV5130,James Brown,UK
INV5605,Emma Martinez,Japan
INV5988,Lily Davis,France
INV6974,David Garcia,Canada
INV2325,Robert Jones,South Korea
INV1931,David Johnson,Germany
INV5084,Robert Jones,Japan
INV7427,Emma Johnson,USA
INV4406,Jessica Jones,South Korea
INV6125,Emma Williams,Unknown
INV7743,Sarah Williams,Canada
INV5118,Jessica Miller,USA
INV8183,Emma Miller,UK
INV4728,Jessica Martinez,USA
INV9591,Jessica Williams,France
INV7134,Sarah Davis,South Korea
INV3729,Lily Johnson,South Korea
INV4489,Michael Davis,France
INV3336,Robert Johnson,Germany
INV2158,Sarah Martinez,South Korea
INV9109,Michael Brown,South Korea
INV3393,John Smith,China
INV6165,Jessica Johnson,Germany
INV5243,Michael Garcia,Canada
INV6585,James Davis,China
INV2829,Jessica Johnson,China
INV1538,Alice Johnson,UK
INV8757,David Garcia,China
INV7031,Emma Garcia,UK
INV4286,Emma Martinez,Germany
INV9476,Michael Smith,China
INV3801,James Williams,Japan
INV7604,Alice Rodriguez,China
INV3987,Michael Brown,Canada
INV3272,Emma Davis,Japan
INV2636,Sarah Martinez,France
INV9114,Robert Smith,USA
INV8692,John Miller,South Korea
INV9340,Emma Smith,Unknown
INV2890,Lily Martinez,France
INV3540,Robert Williams,Canada
INV5326,Sarah Brown,Japan
INV8186,Alice Garcia,Japan
INV3814,Sarah Garcia,South Korea
INV4875,Emma Smith,China
